epoch,step,train_loss
0,0,1.789150595664978
0,1,1.7756693363189697
0,2,1.7424466609954834
0,3,1.8561633825302124
