epoch,step,train_loss
0,49,0.12872841954231262
0,99,0.00987111683934927
